{"cameraMode":{"drawMode":0,"name":"Shaded","section":"Shading Mode"},"sceneLighting":true,"audioPlay":false,"sceneViewState":{"showFog":true,"showMaterialUpdate":false,"showSkybox":true,"showFlares":true,"showImageEffects":true,"showParticleSystems":true,"showVisualEffectGraphs":true,"m_FxEnabled":true},"in2DMode":false,"pivot":{"x":-2.7417523860931398,"y":-3.5911519527435304,"z":32.437171936035159},"rotation":{"x":0.032607778906822208,"y":-0.01477676723152399,"z":0.0004032844735775143,"w":0.9993597865104675},"size":31.787126541137697,"orthographic":false}