{"cameraMode":{"drawMode":0,"name":"Shaded","section":"Shading Mode"},"sceneLighting":true,"audioPlay":false,"sceneViewState":{"showFog":true,"showMaterialUpdate":false,"showSkybox":true,"showFlares":true,"showImageEffects":true,"showParticleSystems":true,"showVisualEffectGraphs":true,"m_FxEnabled":true},"in2DMode":false,"pivot":{"x":-16.228958129882814,"y":-3.5209245681762697,"z":-7.8780741691589359},"rotation":{"x":0.11059872061014176,"y":0.07256386429071427,"z":-0.008040953427553177,"w":0.991178572177887},"size":5.291288375854492,"orthographic":false}